{
  "update": 1,
  "collection_index": 0,
  "replay_size": 25,
  "actor_loss": -0.2662508189678192,
  "alpha": 0.13533663749694824,
  "alpha_loss": 3.9595224857330322,
  "critic_grad_norm": 4.373806953430176,
  "entropy": 2.0839786529541016,
  "policy_grad_norm": 0.026078056544065475,
  "q1_loss": 0.10261595994234085,
  "q1_mean": -0.007921542041003704,
  "q2_loss": 0.0912933275103569,
  "q2_mean": 0.012489528395235538,
  "reward_mean": 0.013798097148537636,
  "target_entropy": 0.10421744734048843,
  "termination_loss": 0.0009002831648103893,
  "mean_reward": -0.050023451566696166,
  "discovery_rate": 0.0,
  "mean_first_detection_time": NaN,
  "observation_rate": 0.0,
  "fairness": 0.0,
  "max_observation_gap": 0.0,
  "mean_observation_gap": 0.0,
  "miss_violation_rate": 0.0,
  "overlap_penalty": 0.0,
  "cardinality_error": 2.447354793548584,
  "estimated_count": 5.447354793548584,
  "estimated_peak_count": 1.0,
  "true_target_count": 3.0,
  "OSPA": 25.0,
  "episode_reward": -0.2501172578334808,
  "steps": 5,
  "seed": 6.0,
  "n_targets": 3.0,
  "valid_candidates_mean": 8.133333333333335,
  "target_node_count": 0.0,
  "search_node_count": 0.0,
  "maintenance_node_count": 0.6,
  "local_node_count": 24.0,
  "selected_target_rate": 0.0,
  "selected_search_rate": 0.0,
  "selected_maintenance_rate": 0.13333333333333333,
  "selected_local_rate": 0.8666666666666666,
  "switch_rate": 0.40000001192092893,
  "search_belief_mean": 0.6264157652854919,
  "coverage_age_mean": 9.510375022888184,
  "target_estimated_count": 5.128675842285157,
  "track_count": 4.8,
  "val_OSPA": 25.0,
  "val_cardinality_error": 0.6124367713928223,
  "val_coverage_age_mean": 9.940375328063965,
  "val_discovery_rate": 0.0,
  "val_episode_reward": -0.17774200439453125,
  "val_estimated_count": 5.612436771392822,
  "val_estimated_peak_count": 0.0,
  "val_fairness": 0.0,
  "val_local_node_count": 24.0,
  "val_maintenance_node_count": 0.6000000238418579,
  "val_max_observation_gap": 0.0,
  "val_mean_first_detection_time": NaN,
  "val_mean_observation_gap": 0.0,
  "val_mean_reward": -0.03554840013384819,
  "val_miss_violation_rate": 0.0,
  "val_n_targets": 5.0,
  "val_observation_rate": 0.0,
  "val_overlap_penalty": 0.01689482480287552,
  "val_search_belief_mean": 0.648366391658783,
  "val_search_node_count": 0.0,
  "val_seed": 700.0,
  "val_selected_local_rate": 1.0,
  "val_selected_maintenance_rate": 0.13333334028720856,
  "val_selected_search_rate": 0.0,
  "val_selected_target_rate": 0.0,
  "val_steps": 5.0,
  "val_switch_rate": 0.0,
  "val_target_estimated_count": 5.148949146270752,
  "val_target_node_count": 0.0,
  "val_track_count": 5.400000095367432,
  "val_true_target_count": 5.0,
  "val_valid_candidates_mean": 8.0
}