{
  "update": 2,
  "collection_index": 1,
  "replay_size": 30,
  "actor_loss": -0.27549251914024353,
  "alpha": 0.13533799350261688,
  "alpha_loss": 3.967576026916504,
  "critic_grad_norm": 7.097355365753174,
  "entropy": 2.0882349014282227,
  "policy_grad_norm": 0.01826026290655136,
  "q1_loss": 0.29910752177238464,
  "q1_mean": -0.0017020351951941848,
  "q2_loss": 0.28081920742988586,
  "q2_mean": 0.021528808400034904,
  "reward_mean": 0.20160412788391113,
  "target_entropy": 0.104436956346035,
  "termination_loss": -0.0072728232480585575,
  "mean_reward": 0.9313646355644914,
  "discovery_rate": 0.25,
  "mean_first_detection_time": 0.0,
  "observation_rate": 0.2,
  "fairness": 1.0,
  "max_observation_gap": 1.0,
  "mean_observation_gap": 1.0,
  "miss_violation_rate": 0.0,
  "overlap_penalty": 0.03332650667824807,
  "cardinality_error": 1.6933345794677734,
  "estimated_count": 5.693334579467773,
  "estimated_peak_count": 1.0,
  "true_target_count": 4.0,
  "OSPA": 25.0,
  "episode_reward": 4.656823177822457,
  "steps": 5,
  "seed": 7.0,
  "n_targets": 4.0,
  "valid_candidates_mean": 8.133333333333333,
  "target_node_count": 0.0,
  "search_node_count": 0.0,
  "maintenance_node_count": 0.8,
  "local_node_count": 24.0,
  "selected_target_rate": 0.0,
  "selected_search_rate": 0.0,
  "selected_maintenance_rate": 0.0,
  "selected_local_rate": 1.0,
  "switch_rate": 0.4666666805744171,
  "search_belief_mean": 0.620796287059784,
  "coverage_age_mean": 9.397125053405762,
  "target_estimated_count": 5.199034976959228,
  "track_count": 3.6,
  "val_OSPA": 25.0,
  "val_cardinality_error": 0.6021990776062012,
  "val_coverage_age_mean": 9.91812515258789,
  "val_discovery_rate": 0.0,
  "val_episode_reward": -0.1672334223985672,
  "val_estimated_count": 5.602199077606201,
  "val_estimated_peak_count": 0.0,
  "val_fairness": 0.0,
  "val_local_node_count": 24.0,
  "val_maintenance_node_count": 0.6000000238418579,
  "val_max_observation_gap": 0.0,
  "val_mean_first_detection_time": NaN,
  "val_mean_observation_gap": 0.0,
  "val_mean_reward": -0.03344668447971344,
  "val_miss_violation_rate": 0.0,
  "val_n_targets": 5.0,
  "val_observation_rate": 0.0,
  "val_overlap_penalty": 0.004155572038143873,
  "val_search_belief_mean": 0.6472102403640747,
  "val_search_node_count": 0.0,
  "val_seed": 700.0,
  "val_selected_local_rate": 1.0,
  "val_selected_maintenance_rate": 0.13333334028720856,
  "val_selected_search_rate": 0.0,
  "val_selected_target_rate": 0.0,
  "val_steps": 5.0,
  "val_switch_rate": 0.0,
  "val_target_estimated_count": 5.146901607513428,
  "val_target_node_count": 0.0,
  "val_track_count": 5.400000095367432,
  "val_true_target_count": 5.0,
  "val_valid_candidates_mean": 8.0
}