{
  "OSPA": 24.071590423583984,
  "cardinality_error": 0.9767029881477356,
  "discovery_rate": 0.9399999380111694,
  "episode_index": 9.5,
  "episode_reward": 19.28885841369629,
  "estimated_count": 5.976702690124512,
  "estimated_peak_count": 0.3499999940395355,
  "fairness": 0.4957704544067383,
  "max_observation_gap": 40.54999923706055,
  "mean_first_detection_time": 11.408334732055664,
  "mean_observation_gap": 16.916667938232422,
  "mean_reward": 0.321480929851532,
  "miss_violation_rate": 0.5508333444595337,
  "observation_rate": 0.18916666507720947,
  "overlap_penalty": 0.02290407195687294,
  "steps": 60.0,
  "true_target_count": 5.0,
  "episodes": 20,
  "seed": 900,
  "mode": "heuristic"
}