{
  "OSPA": 23.620708465576172,
  "cardinality_error": 1.0328298807144165,
  "discovery_rate": 0.440000057220459,
  "episode_index": 9.5,
  "episode_reward": 17.222423553466797,
  "estimated_count": 6.032830238342285,
  "estimated_peak_count": 0.4000000059604645,
  "fairness": 0.5281363725662231,
  "max_observation_gap": 27.799999237060547,
  "mean_first_detection_time": 17.15277862548828,
  "mean_observation_gap": 11.358333587646484,
  "mean_reward": 0.2870404124259949,
  "miss_violation_rate": 0.3916666805744171,
  "observation_rate": 0.10899998992681503,
  "overlap_penalty": 0.04097168520092964,
  "steps": 60.0,
  "true_target_count": 5.0,
  "episodes": 20,
  "seed": 900,
  "mode": "random"
}