{
  "OSPA": 25.0,
  "cardinality_error": 0.7944726943969727,
  "discovery_rate": 0.20000000298023224,
  "episode_index": 0.0,
  "episode_reward": 5.083524227142334,
  "estimated_count": 5.794472694396973,
  "estimated_peak_count": 0.0,
  "fairness": 1.0,
  "max_observation_gap": 0.0,
  "mean_first_detection_time": 0.0,
  "mean_observation_gap": 0.0,
  "mean_reward": 1.016704797744751,
  "miss_violation_rate": 0.0,
  "observation_rate": 0.20000000298023224,
  "overlap_penalty": 0.0,
  "steps": 5.0,
  "true_target_count": 5.0,
  "episodes": 1,
  "seed": 900,
  "mode": "heuristic"
}