{
  "mean_reward": 0.38854798674583435,
  "discovery_rate": 0.10000000149011612,
  "mean_first_detection_time": 0.0,
  "observation_rate": 0.07999999821186066,
  "fairness": 0.5,
  "max_observation_gap": 0.5,
  "mean_observation_gap": 0.0,
  "miss_violation_rate": 0.0,
  "overlap_penalty": 0.014483279548585415,
  "cardinality_error": 0.5734703540802002,
  "estimated_count": 5.573470115661621,
  "estimated_peak_count": 0.0,
  "true_target_count": 5.0,
  "OSPA": 25.0,
  "episode_reward": 1.9427399635314941,
  "steps": 5.0,
  "episodes": 2,
  "seed": 900,
  "mode": "random"
}