{
  "mean_reward": -0.24278150498867035,
  "discovery_rate": 0.0,
  "mean_first_detection_time": NaN,
  "observation_rate": 0.0,
  "fairness": 0.0,
  "max_observation_gap": 0.0,
  "mean_observation_gap": 0.0,
  "miss_violation_rate": 0.0,
  "overlap_penalty": 0.570504903793335,
  "cardinality_error": 4.76837158203125e-07,
  "estimated_count": 5.000000476837158,
  "estimated_peak_count": 1.0,
  "true_target_count": 5.0,
  "OSPA": 25.0,
  "episode_reward": -14.566889762878418,
  "steps": 60.0,
  "seed": 500,
  "n_targets": 5.0,
  "valid_candidates_mean": 7.699999809265137,
  "target_node_count": 1.1333333253860474,
  "search_node_count": 8.083333015441895,
  "maintenance_node_count": 10.333333015441895,
  "local_node_count": 23.016666412353516,
  "selected_target_rate": 0.16111111640930176,
  "selected_search_rate": 0.3444444537162781,
  "selected_maintenance_rate": 0.14444445073604584,
  "selected_local_rate": 1.0,
  "switch_rate": 0.0,
  "search_belief_mean": 0.803551197052002,
  "coverage_age_mean": 33.17183303833008,
  "target_estimated_count": 5.718710899353027,
  "track_count": 13.899999618530273,
  "episodes": 1
}