{
  "mean_reward": 0.6859331727027893,
  "discovery_rate": 0.20000000298023224,
  "mean_first_detection_time": 1.5,
  "observation_rate": 0.14000000059604645,
  "fairness": 1.0,
  "max_observation_gap": 0.0,
  "mean_observation_gap": 0.0,
  "miss_violation_rate": 0.0,
  "overlap_penalty": 0.002393825678154826,
  "cardinality_error": 0.6193890571594238,
  "estimated_count": 5.619389057159424,
  "estimated_peak_count": 0.0,
  "true_target_count": 5.0,
  "OSPA": 25.0,
  "episode_reward": 3.429666042327881,
  "steps": 5.0,
  "episodes": 2,
  "seed": 900,
  "mode": "heuristic"
}