{
  "mean_reward": 0.39062565565109253,
  "discovery_rate": 1.0,
  "mean_first_detection_time": 14.699999809265137,
  "observation_rate": 0.2316666692495346,
  "fairness": 0.313493549823761,
  "max_observation_gap": 51.0,
  "mean_observation_gap": 19.399999618530273,
  "miss_violation_rate": 0.5,
  "overlap_penalty": 0.01011559646576643,
  "cardinality_error": 1.000000238418579,
  "estimated_count": 6.0,
  "estimated_peak_count": 0.5,
  "true_target_count": 5.0,
  "OSPA": 23.26329803466797,
  "episode_reward": 23.43754005432129,
  "steps": 60.0,
  "episodes": 2,
  "seed": 600
}