{
  "update": 1,
  "collection_index": 0,
  "replay_size": 25,
  "actor_loss": -0.29061359167099,
  "alpha": 0.13533663749694824,
  "alpha_loss": 3.9591939449310303,
  "critic_grad_norm": 5.16411018371582,
  "entropy": 2.0838143825531006,
  "policy_grad_norm": 0.022911345586180687,
  "q1_loss": 0.28190499544143677,
  "q1_mean": 0.15460877120494843,
  "q2_loss": 0.36646366119384766,
  "q2_mean": 0.00381208467297256,
  "reward_mean": 0.2016075700521469,
  "target_entropy": 0.10421744734048843,
  "termination_loss": -0.025924155488610268,
  "mean_reward": -0.07458743197847986,
  "discovery_rate": 0.0,
  "mean_first_detection_time": NaN,
  "observation_rate": 0.0,
  "fairness": 0.0,
  "max_observation_gap": 0.0,
  "mean_observation_gap": 0.0,
  "miss_violation_rate": 0.0,
  "overlap_penalty": 0.04985896607607841,
  "cardinality_error": 2.496758460998535,
  "estimated_count": 5.496758460998535,
  "estimated_peak_count": 1.0,
  "true_target_count": 3.0,
  "OSPA": 25.0,
  "episode_reward": -0.37293715989239934,
  "steps": 5,
  "seed": 6.0,
  "n_targets": 3.0,
  "valid_candidates_mean": 8.066666666666666,
  "target_node_count": 0.0,
  "search_node_count": 10.8,
  "maintenance_node_count": 5.4,
  "local_node_count": 24.0,
  "selected_target_rate": 0.0,
  "selected_search_rate": 0.3333333333333333,
  "selected_maintenance_rate": 0.2,
  "selected_local_rate": 1.0,
  "switch_rate": 0.4666666746139526,
  "search_belief_mean": 0.6267127752304077,
  "coverage_age_mean": 9.528875064849853,
  "target_estimated_count": 5.137878322601319,
  "track_count": 4.6,
  "val_OSPA": 25.0,
  "val_cardinality_error": 0.4988555908203125,
  "val_coverage_age_mean": 9.323624610900879,
  "val_discovery_rate": 0.20000000298023224,
  "val_episode_reward": 1.2318692207336426,
  "val_estimated_count": 5.4988555908203125,
  "val_estimated_peak_count": 0.0,
  "val_fairness": 1.0,
  "val_local_node_count": 24.0,
  "val_maintenance_node_count": 6.0,
  "val_max_observation_gap": 1.0,
  "val_mean_first_detection_time": 3.0,
  "val_mean_observation_gap": 1.0,
  "val_mean_reward": 0.24637384712696075,
  "val_miss_violation_rate": 0.0,
  "val_n_targets": 5.0,
  "val_observation_rate": 0.03999999910593033,
  "val_overlap_penalty": 0.0,
  "val_search_belief_mean": 0.6167274117469788,
  "val_search_node_count": 11.0,
  "val_seed": 700.0,
  "val_selected_local_rate": 1.0,
  "val_selected_maintenance_rate": 0.0,
  "val_selected_search_rate": 0.6000000238418579,
  "val_selected_target_rate": 0.0,
  "val_steps": 5.0,
  "val_switch_rate": 0.0,
  "val_target_estimated_count": 5.083227634429932,
  "val_target_node_count": 0.0,
  "val_track_count": 4.0,
  "val_true_target_count": 5.0,
  "val_valid_candidates_mean": 8.0
}