{
  "update": 2,
  "collection_index": 1,
  "replay_size": 30,
  "actor_loss": -0.31082484126091003,
  "alpha": 0.13533799350261688,
  "alpha_loss": 3.977621555328369,
  "critic_grad_norm": 12.22569751739502,
  "entropy": 2.093528985977173,
  "policy_grad_norm": 0.02471122145652771,
  "q1_loss": 0.5775973200798035,
  "q1_mean": 0.1792355626821518,
  "q2_loss": 0.8105393052101135,
  "q2_mean": 0.021784333512187004,
  "reward_mean": 0.4657333493232727,
  "target_entropy": 0.1047082170844078,
  "termination_loss": -0.0326596163213253,
  "mean_reward": 0.8079861422620187,
  "discovery_rate": 0.25,
  "mean_first_detection_time": 0.0,
  "observation_rate": 0.15,
  "fairness": 1.0,
  "max_observation_gap": 2.0,
  "mean_observation_gap": 2.0,
  "miss_violation_rate": 0.0,
  "overlap_penalty": 0.03854953225397733,
  "cardinality_error": 2.0,
  "estimated_count": 6.0,
  "estimated_peak_count": 1.0,
  "true_target_count": 4.0,
  "OSPA": 24.96315288543701,
  "episode_reward": 4.0399307113100935,
  "steps": 5,
  "seed": 7.0,
  "n_targets": 4.0,
  "valid_candidates_mean": 8.066666666666666,
  "target_node_count": 0.0,
  "search_node_count": 11.2,
  "maintenance_node_count": 4.6,
  "local_node_count": 24.0,
  "selected_target_rate": 0.0,
  "selected_search_rate": 0.6666666666666666,
  "selected_maintenance_rate": 0.13333333333333333,
  "selected_local_rate": 1.0,
  "switch_rate": 0.600000011920929,
  "search_belief_mean": 0.6242186188697815,
  "coverage_age_mean": 9.450000190734864,
  "target_estimated_count": 5.316755390167236,
  "track_count": 4.4,
  "val_OSPA": 25.0,
  "val_cardinality_error": 0.4988555908203125,
  "val_coverage_age_mean": 9.323624610900879,
  "val_discovery_rate": 0.20000000298023224,
  "val_episode_reward": 1.2318692207336426,
  "val_estimated_count": 5.4988555908203125,
  "val_estimated_peak_count": 0.0,
  "val_fairness": 1.0,
  "val_local_node_count": 24.0,
  "val_maintenance_node_count": 6.0,
  "val_max_observation_gap": 1.0,
  "val_mean_first_detection_time": 3.0,
  "val_mean_observation_gap": 1.0,
  "val_mean_reward": 0.24637384712696075,
  "val_miss_violation_rate": 0.0,
  "val_n_targets": 5.0,
  "val_observation_rate": 0.03999999910593033,
  "val_overlap_penalty": 0.0,
  "val_search_belief_mean": 0.6167274117469788,
  "val_search_node_count": 11.0,
  "val_seed": 700.0,
  "val_selected_local_rate": 1.0,
  "val_selected_maintenance_rate": 0.0,
  "val_selected_search_rate": 0.6000000238418579,
  "val_selected_target_rate": 0.0,
  "val_steps": 5.0,
  "val_switch_rate": 0.0,
  "val_target_estimated_count": 5.083227634429932,
  "val_target_node_count": 0.0,
  "val_track_count": 4.0,
  "val_true_target_count": 5.0,
  "val_valid_candidates_mean": 8.0
}